dayOfWeek,numChecklists
1,2034.8461538461538
2,1926.6923076923076
3,1773.8461538461538
4,1934.4615384615386
5,2138.3076923076924
6,2952.6923076923076
7,2604.923076923077
